,City Name,Country Code,Temperature(C),Humidity(%),Cloudiness(%),Wind Speed(mph),Latitude,Longitude
0,ushuaia,ar,6,93,90,6.2,-54.81,-68.31
1,marawi,sd,34.85,10,0,3.22,18.48,31.82
2,saint-ambroise,ca,-17.55,64,90,8.7,48.56,-71.32
3,greeneville,us,9.66,71,90,1.37,36.16,-82.83
4,mount gambier,au,17.2,64,88,4.97,-37.83,140.78
5,severo-kurilsk,ru,-4.85,100,88,1.37,50.68,156.12
6,qaanaaq,gl,-27.45,99,0,4.02,77.48,-69.36
7,hobart,au,15,54,75,6.7,-42.88,147.33
8,vaini,to,22,94,20,4.02,-21.2,-175.2
9,tuatapere,nz,18.5,79,68,7.62,-46.13,167.69
10,brynmawr,gb,-0.73,86,90,11.8,51.8,-3.17
11,barrow,us,3.09,100,90,2.27,39.51,-90.4
12,bathsheba,bb,28,61,40,8.2,13.22,-59.52
13,dawei,mm,24.15,70,0,0.67,14.07,98.19
14,kapaa,us,21,100,90,4.17,22.08,-159.32
15,geraldton,au,19,82,0,5.7,-28.77,114.6
16,cockburn town,tc,24.45,100,68,1.77,21.46,-71.14
17,kita,ml,37.65,16,64,3.47,13.04,-9.49
18,esperantinopolis,br,30.25,73,36,1.87,-4.87,-44.71
19,ratnagiri,in,28.2,96,0,2.82,16.98,73.3
20,kluczbork,pl,-6.35,85,20,8.97,50.97,18.21
21,victoria,sc,29,74,20,2.1,-4.62,55.45
22,tuktoyaktuk,ca,-25.8,75,40,2.1,69.44,-133.03
23,lysva,ru,-11.6,81,80,5.92,58.11,57.8
24,nikolskoye,ru,0,91,75,9,59.7,30.79
25,roald,no,1.96,69,75,10.8,62.58,6.12
26,hasaki,jp,10.47,76,75,2.6,35.73,140.83
27,chuy,uy,26.85,83,56,10.12,-33.69,-53.46
28,talnakh,ru,-9.5,85,80,6.47,69.49,88.39
29,ilulissat,gl,2,51,20,9.3,69.22,-51.1
30,cherskiy,ru,-24.2,57,24,4.27,68.75,161.3
31,ahipara,nz,18.55,96,12,5.87,-35.17,173.16
32,venezuela,cu,26.7,80,0,2.52,21.74,-78.8
33,punta arenas,cl,11,57,75,20.1,-53.16,-70.91
34,upernavik,gl,-14.7,100,36,9.52,72.79,-56.15
35,severo-yeniseyskiy,ru,-1.2,71,24,3.67,60.37,93.04
36,hermanus,za,23.1,51,0,2.87,-34.42,19.24
37,sao joao da barra,br,25.4,100,8,1.72,-21.64,-41.05
38,kavieng,pg,27.15,100,68,6.37,-2.57,150.8
39,la palma,pa,26.25,98,68,2.67,8.4,-78.14
40,bandarbeyla,so,26,100,0,4.37,9.49,50.81
41,dargaville,nz,18.55,90,68,6.42,-35.94,173.86
42,new norfolk,au,15,54,75,6.7,-42.78,147.06
43,dikson,ru,-21,100,56,16.92,73.51,80.55
44,mangrol,in,22,30,0,2.77,25.33,76.51
45,morondava,mg,27.85,86,92,0.87,-20.3,44.28
46,torbay,ca,-2,86,90,12.9,47.66,-52.73
47,saint-philippe,re,28,74,0,2.6,-21.36,55.77
48,pechenga,ru,-12.25,81,56,3.67,58.89,41.46
49,pevek,ru,-31.1,72,20,3.47,69.7,170.27
50,aklavik,ca,-24.82,75,90,1,68.22,-135.01
51,luangwa,zm,25.05,71,56,2.62,-12.88,28.25
52,khatanga,ru,-30.6,34,12,6.42,71.98,102.47
53,avarua,ck,25,88,20,2.1,-21.21,-159.78
54,jamestown,sh,24.3,100,44,5.22,-15.94,-5.72
55,albany,au,12.65,93,8,1.77,-35.02,117.88
56,punto fijo,ve,29.15,62,24,6.57,11.69,-70.21
57,nybro,se,1.11,52,0,4.1,56.75,15.91
58,kirakira,sb,28.05,100,100,4.77,-10.46,161.92
59,pisco,pe,24,69,0,4.6,-13.71,-76.2
60,cape town,za,21,77,20,9.8,-33.93,18.42
61,busselton,au,17.4,100,0,6.87,-33.64,115.35
62,marrakesh,ma,20,40,75,2.6,31.63,-7.99
63,kruisfontein,za,22.25,73,0,1.07,-34,24.73
64,dandong,cn,-3.1,77,0,0.97,40.12,124.37
65,luderitz,na,24,57,0,10.8,-26.65,15.16
66,sitka,us,6.8,90,92,6.22,37.17,-99.65
67,beringovskiy,ru,-8.1,97,88,5.27,63.05,179.32
68,ofaqim,il,22.95,36,32,3.12,31.31,34.62
69,arraial do cabo,br,29,62,40,5.1,-22.97,-42.02
70,rikitea,pf,26.15,100,68,7.17,-23.12,-134.97
71,taree,au,22,88,0,1.17,-31.91,152.46
72,saskylakh,ru,-36.35,60,0,4.97,71.97,114.09
73,sur,om,25.3,86,0,1.72,22.57,59.53
74,sao jose da coroa grande,br,27.75,100,20,2.32,-8.9,-35.15
75,high rock,bs,25,69,40,5.1,26.63,-78.28
76,egvekinot,ru,-23.8,69,68,3.57,66.32,-179.17
77,tangping,cn,5.75,82,88,1.27,33.69,105.67
78,baghdad,iq,25,25,0,5.1,33.3,44.38
79,hirara,jp,22.35,100,80,4.67,24.8,125.28
80,ust-ilimsk,ru,-3.45,88,44,2.67,57.96,102.73
81,longyearbyen,sj,-7,73,90,12.9,78.22,15.64
82,yulara,au,27,36,0,4.6,-25.24,130.99
83,udayagiri,in,19.4,97,32,0.52,12.32,76.68
84,provideniya,ru,-6,95,12,6.02,64.42,-173.23
85,oneonta,us,-5.8,39,0,2.62,42.45,-75.06
86,lebu,cl,14.8,100,92,0.87,-37.62,-73.65
87,port elizabeth,za,24,64,20,3.6,-33.92,25.57
88,san patricio,mx,20,72,40,3.1,19.22,-104.7
89,port alfred,za,24.4,76,0,6.47,-33.59,26.89
90,usinsk,ru,-20.85,83,44,2.07,66,57.56
91,norman wells,ca,-11,92,90,3.6,65.28,-126.83
92,puerto ayora,ec,28,74,40,4.6,-0.74,-90.35
93,iqaluit,ca,-10,78,75,3.37,63.75,-68.52
94,saint george,bm,17,88,75,7.7,32.38,-64.68
95,ponta do sol,cv,21.15,100,0,9.32,17.2,-25.09
96,tadine,nc,25.55,100,80,5.67,-21.55,167.88
97,the valley,ai,27,61,20,7.2,18.22,-63.06
98,hilo,us,15.3,78,90,2.1,19.71,-155.08
99,matay,eg,28.75,27,76,3.92,28.42,30.79
100,yakeshi,cn,-15.85,69,0,1.77,49.28,120.73
101,east london,za,23,64,0,7.7,-33.02,27.91
102,san pablo,gt,26.54,69,5,1.07,14.92,-91.97
103,bluff,nz,16.4,91,64,5.07,-46.6,168.33
104,arman,ru,-15,45,24,6,59.7,150.17
105,cap malheureux,mu,27,83,75,6.2,-19.98,57.61
106,bambous virieux,mu,27,83,75,6.2,-20.34,57.76
107,komsomolskiy,ru,-23.2,67,64,6.52,67.55,63.78
108,northam,au,16,72,0,4.42,-31.65,116.67
109,taltal,cl,20.7,66,0,1.57,-25.41,-70.49
110,georgetown,sh,26.15,100,68,5.02,-7.93,-14.42
111,barcelona,ve,27.45,87,0,1.42,10.14,-64.69
112,bonthe,sl,30.05,68,56,2.82,7.53,-12.5
113,kyra,ru,-7,80,12,0.87,49.58,111.97
114,tasiilaq,gl,-1,80,92,10.8,65.61,-37.64
115,tanhacu,br,27.45,73,8,1.67,-14.02,-41.25
116,chumikan,ru,-12.75,50,44,2.52,54.72,135.31
117,nouadhibou,mr,28,23,0,9.8,20.93,-17.03
118,atuona,pf,27.65,100,92,7.97,-9.8,-139.03
119,acapulco,mx,21,77,40,1,16.86,-99.88
120,bowen,au,23,100,8,3.1,-20.01,148.25
121,coahuayana,mx,24.15,31,36,0.72,18.62,-100.35
122,narsaq,gl,8,36,0,14.4,60.91,-46.05
123,nhulunbuy,au,25,100,0,3.12,-12.18,136.78
124,salina,us,7.4,70,1,3.6,36.29,-95.15
125,cayenne,gf,26,88,75,5.7,4.94,-52.33
126,rocha,uy,24.05,98,92,7.27,-34.48,-54.34
127,coihaique,cl,9.87,62,75,4.1,-45.58,-72.07
128,fortuna,us,1.63,100,90,4.1,40.6,-124.16
129,chitrakonda,in,25.05,50,64,0.77,18.12,82.08
130,geraldton,ca,-14,42,40,3.1,49.72,-86.95
131,artesia,us,13.84,26,1,6.2,32.84,-104.4
132,mar del plata,ar,16.2,49,0,9.77,-46.43,-67.52
133,havoysund,no,-3,79,75,8.7,71,24.66
134,colchester,gb,-1,74,90,8.7,51.89,0.9
135,esperance,au,11.4,91,0,1.17,-33.86,121.89
136,esil,kz,0.2,92,0,6.07,51.96,66.41
137,palatka,ru,-15,45,12,6,60.1,150.94
138,volksrust,za,18,87,8,2.12,-27.36,29.88
139,carnarvon,za,28.9,7,0,5.72,-30.97,22.13
140,yellowknife,ca,-8,67,90,4.6,62.45,-114.38
141,te anau,nz,16.6,69,76,6.57,-45.41,167.72
142,basco,ph,24.75,100,0,5.77,20.45,121.97
143,ziro,in,9.5,96,76,0.72,27.54,93.82
144,ouesso,cg,22.3,100,88,0.92,1.61,16.05
145,hovd,mn,-4.55,83,56,0.52,48.01,91.64
146,naze,jp,19.05,100,24,1.32,28.37,129.48
147,sambava,mg,27.9,99,48,12.17,-14.27,50.17
148,nome,us,21.98,88,90,2.6,30.04,-94.42
149,santa maria,cv,24,57,40,8.7,16.6,-22.9
150,klaksvik,fo,4,69,8,4.1,62.23,-6.59
151,hithadhoo,mv,29.65,98,56,4.27,-0.6,73.08
152,tucurui,br,24.3,100,88,0.87,-3.77,-49.67
153,purpe,ru,-14.1,79,64,2.97,64.48,76.69
154,carnarvon,au,27.3,84,0,8.07,-24.87,113.63
155,bethel,us,-2,100,90,4.1,60.79,-161.76
156,kahului,us,20.1,94,75,2.6,20.89,-156.47
157,clarin,ph,22.8,100,48,0.77,8.2,123.86
158,rapid valley,us,-1.45,92,90,5.7,44.06,-103.15
159,meulaboh,id,27.7,100,56,1.57,4.14,96.13
160,lososina,ru,-3.2,96,88,4.52,49,140.31
161,comodoro rivadavia,ar,17,42,0,10.8,-45.87,-67.48
162,popondetta,pg,20,98,92,0.87,-8.77,148.24
163,nabire,id,20.85,85,76,0.87,-3.36,135.5
164,baruun-urt,mn,-3.85,70,0,4.12,46.68,113.28
165,chokurdakh,ru,-36.95,65,8,2.67,70.62,147.9
166,alofi,nu,25,88,8,1.5,-19.06,-169.92
167,port hardy,ca,-1,92,20,1,50.7,-127.42
168,janfida,am,17,33,0,1,40.04,44.02
169,vardo,no,-7,85,20,8.7,70.37,31.11
170,okato,nz,17.8,94,8,5.12,-39.19,173.88
171,dongsheng,cn,8.1,94,80,3.52,29.72,112.52
172,armizonskoye,ru,0.7,87,76,7.72,55.95,67.67
173,valparaiso,cl,18,59,0,2.1,-33.04,-71.63
174,tornio,fi,1.32,64,40,6.7,61.12,27.27
175,hami,cn,13.6,29,24,6.07,42.84,93.51
176,faanui,pf,27.6,100,88,6.57,-16.48,-151.75
177,hambantota,lk,28.7,98,24,5.97,6.12,81.12
178,lagoa,pt,17,59,40,6.7,37.14,-8.45
179,castro,cl,11.6,100,76,1.87,-42.48,-73.76
180,ribeira grande,pt,18,88,40,7.2,38.52,-28.7
181,labuhan,id,22.55,95,88,0.77,-2.54,115.51
182,chimore,bo,27.25,81,64,1.97,-16.98,-65.13
183,gushikawa,jp,19.55,82,1,2.92,26.35,127.87
184,port pirie,au,14,71,0,3.6,-33.18,138.01
185,frontera,mx,24,94,20,3.1,18.53,-92.64
186,aksarka,ru,-20.05,78,24,5.67,66.56,67.8
187,dunedin,nz,5.65,90,8,1.87,-45.87,170.5
188,tonantins,br,29.4,82,12,2.47,-2.86,-67.77
189,kyzyl-suu,kg,-0.25,100,0,1.22,42.34,78
190,petropavlovsk-kamchatskiy,ru,-10,56,36,7,53.05,158.65
191,phetchaburi,th,28.65,100,0,6.82,13.1,99.94
192,manyana,bw,26,54,40,3.6,-24.78,25.59
193,kodiak,us,3,93,90,2.6,39.95,-94.76
194,cidreira,br,31,68,32,3.07,-30.17,-50.22
195,mehamn,no,-3.25,92,80,3.42,71.03,27.85
196,kudahuvadhoo,mv,29.85,98,0,4.67,2.67,72.89
197,north bend,us,3.54,93,1,3.6,43.41,-124.22
198,neuquen,ar,16,36,0,6.2,-38.95,-68.06
199,tura,ru,-7.9,83,76,2.42,64.27,100.22
200,quatre cocos,mu,27,83,75,6.2,-20.21,57.76
201,singanallur,in,30,51,75,4.6,11,77.02
202,port shepstone,za,23.8,86,24,8.52,-30.74,30.45
203,tiksi,ru,-39.7,0,8,1.27,71.64,128.87
204,reforma,mx,5,44,40,1.5,24.02,-104.65
205,bambanglipuro,id,23.05,99,80,1.17,-7.95,110.28
206,buala,sb,26.3,100,80,0.42,-8.15,159.59
207,rio verde de mato grosso,br,33.4,54,12,3.22,-18.92,-54.84
208,ahuimanu,us,21.53,100,40,2.6,21.44,-157.84
209,kariya,jp,10,100,75,1,34.97,137
210,anloga,gh,32,62,20,7.7,5.79,0.9
211,luancheng,cn,2,100,56,1,37.88,114.65
212,qaqortoq,gl,8,36,68,14.4,60.72,-46.03
213,srednekolymsk,ru,-28.2,55,64,2.57,67.46,153.71
214,havre-saint-pierre,ca,-6,62,75,4.6,50.23,-63.6
215,bontang,id,27.5,100,32,2.32,0.12,117.47
216,flin flon,ca,-14,60,90,5.1,54.77,-101.88
217,souillac,mu,27,83,75,6.2,-20.52,57.52
218,lompoc,us,2.72,100,1,2.1,34.64,-120.46
219,lithgow,au,24,73,0,5.7,-33.48,150.16
220,sinnamary,gf,26.65,94,92,4.22,5.38,-52.96
221,corralillo,cu,27.8,67,0,2.42,22.98,-80.59
222,ugoofaaru,mv,29.3,100,0,3.42,5.67,73
223,katsuura,jp,9.15,91,64,2.22,33.93,134.5
224,bredasdorp,za,26,57,0,5.7,-34.53,20.04
225,presidencia roque saenz pena,ar,32.1,75,0,8.52,-26.79,-60.44
226,joson,ph,19.4,98,88,0.37,15.93,120.99
227,hofn,is,8,81,20,3.1,64.25,-15.21
228,ancud,cl,13.1,96,80,1.42,-41.87,-73.83
229,banda aceh,id,25.9,89,8,1.27,5.56,95.32
230,fukue,jp,10,100,75,1,35.03,136.69
231,ixtapa,mx,19,63,75,4.1,20.71,-105.21
232,florida,uy,22.15,100,92,4.67,-34.1,-56.21
233,tsiroanomandidy,mg,18.3,98,100,8.02,-18.77,46.05
234,riwaka,nz,12.5,100,0,2.77,-41.08,173
235,mayor pablo lagerenza,py,32.3,63,0,9.52,-19.93,-60.77
236,waynesboro,us,8.35,81,75,1.52,35.32,-87.76
237,daltenganj,in,20.45,32,0,2.52,24.03,84.07
238,seoul,kr,7.42,75,90,2.1,37.57,126.98
239,butaritari,ki,26.2,100,64,4.02,3.07,172.79
240,itarema,br,30.55,91,12,2.82,-2.92,-39.92
241,sao filipe,cv,22.3,88,32,8.17,14.9,-24.5
242,ebolowa,cm,27.3,72,68,1.32,2.92,11.15
243,boende,cd,24.25,93,80,1.62,-0.28,20.88
244,dingle,ie,3.7,100,64,9.87,52.14,-10.27
245,dapaong,tg,35.4,45,44,2.02,10.86,0.2
246,knysna,za,21,77,20,2.1,-34.04,23.05
247,vostok,ru,-7,64,64,3.92,46.45,135.83
248,lavrentiya,ru,-8.2,98,24,1.12,65.58,-170.99
249,araouane,ml,34.65,14,80,3.52,18.9,-3.53
250,beitbridge,zw,28.55,44,0,5.37,-22.22,30
251,san cristobal,ec,17.9,100,68,1.27,-1.02,-79.44
252,hamilton,bm,17,88,75,7.7,32.3,-64.78
253,saint-louis,sn,35,17,0,3.1,16.03,-16.5
254,vanavara,ru,-2.9,87,32,4.02,60.35,102.28
255,adrar,dz,26,21,0,10.8,27.87,-0.29
256,los algarrobos,pa,28,74,0,1,8.5,-82.43
257,mirandola,it,8.24,93,75,7.2,44.89,11.07
258,yatou,cn,1.95,83,92,0.77,33.81,104.32
259,abu zabad,sd,33.4,16,0,2.57,12.35,29.25
260,caravelas,br,27.95,100,0,4.52,-17.73,-39.27
261,galveston,us,1.84,100,1,2.07,40.58,-86.19
262,chapada dos guimaraes,br,30,70,40,3.1,-15.46,-55.75
263,ximei,cn,18,88,44,1,24.96,118.38
264,muros,es,10,71,40,4.6,42.77,-9.06
265,la asuncion,ve,26.05,93,0,6.67,11.03,-63.86
266,ca mau,vn,25.3,94,0,3.67,9.18,105.15
267,miri,my,27,88,75,1.5,4.41,114.01
268,kidal,ml,35.95,18,8,3.92,18.44,1.41
269,pitimbu,br,29.15,88,0,4.37,-7.47,-34.81
270,barcelos,br,28.25,81,88,2.77,-0.97,-62.93
271,mazyr,by,-6.85,71,12,5.82,52.05,29.27
272,vestmannaeyjar,is,7,87,75,7.7,63.44,-20.27
273,mount pleasant,us,21.47,68,20,5.7,32.79,-79.86
274,henderson,us,6.41,60,1,1.42,36.04,-114.98
275,ostrovnoy,ru,-9.85,92,88,6.82,68.05,39.51
276,tigil,ru,-12.25,81,76,1.77,57.8,158.67
277,mercedes,ar,34.55,57,0,9.32,-29.18,-58.08
278,fethiye,tr,20,45,0,7.7,36.62,29.12
279,shuangcheng,cn,-2,54,0,8,45.37,126.3
280,lodwar,ke,29.9,54,20,3.57,3.12,35.6
281,kaitangata,nz,12.4,71,12,4.82,-46.28,169.85
282,beloha,mg,28.8,54,20,9.17,-25.17,45.06
283,mecca,sa,36,25,0,3.1,21.43,39.83
284,walvis bay,na,23,56,12,4.1,-22.95,14.51
285,clyde river,ca,-26,75,20,9.8,70.47,-68.59
286,boddam,gb,2,59,75,7.2,57.47,-1.78
287,talara,pe,28,55,36,1.77,-4.58,-81.27
288,haines junction,ca,-10.45,78,88,0.97,60.75,-137.51
289,fare,pf,27.5,100,68,5.72,-16.7,-151.02
290,hualmay,pe,23.65,73,0,1.77,-11.1,-77.61
291,presidente medici,br,27.75,84,76,1.42,-11.18,-61.9
292,nanortalik,gl,1.3,90,48,15.62,60.14,-45.24
293,nelson bay,au,24,60,36,2.1,-32.72,152.14
294,muisne,ec,25.3,99,36,1.82,0.61,-80.02
295,gari,ru,-9.25,79,80,2.27,59.43,62.35
296,minab,ir,25,57,0,9.3,27.15,57.07
297,aykhal,ru,-25.1,58,36,3.37,65.95,111.51
298,cabo san lucas,mx,18,72,40,5.1,22.89,-109.91
299,zambezi,zm,24.45,86,64,3.22,-13.55,23.12
300,meybod,ir,15,28,40,6.2,32.25,54.02
301,vila franca do campo,pt,17,93,40,6.2,37.72,-25.43
302,suslovo,ru,-7,85,0,2.42,56.22,88.12
303,porto velho,br,27,78,20,1.5,-8.75,-63.87
304,bubaque,gw,34,32,0,2.6,11.28,-15.83
305,pucallpa,pe,26,88,75,1.5,-8.38,-74.54
306,rancharia,br,31,52,0,3.6,-22.23,-50.89
307,tral,in,-0.55,81,44,1.02,33.93,75.11
308,phan thiet,vn,25.7,93,0,5.97,10.93,108.1
309,savinka,ru,-1.7,91,92,8.42,50.08,47.1
310,burnie,au,17.3,100,92,19.32,-41.05,145.91
311,kyzyl-mazhalyk,ru,-8.4,65,48,1.07,51.15,90.58
312,bantry,ie,3.65,100,24,8.72,51.68,-9.45
313,punalur,in,29,89,40,1,9.02,76.93
314,batesville,us,7.06,81,90,2.6,35.77,-91.64
315,leningradskiy,ru,-27.1,99,56,1.67,69.38,178.42
316,el rosario,sv,26,88,40,1.07,13.58,-88.08
317,sobolevo,ru,-6.05,79,0,3.02,54.43,31.9
318,martyush,ru,1.7,96,92,9.77,56.4,61.89
319,kedrovyy,ru,-1,68,0,1.52,56.17,91.82
320,uberlandia,br,29.25,75,0,3.42,-18.92,-48.28
321,ust-omchug,ru,-27.8,47,32,1.32,61.13,149.63
322,wencheng,cn,15.2,98,88,0.72,27.79,120.09
323,tahe,cn,-11.45,37,0,4.37,52.34,124.71
324,rurrenabaque,bo,24,100,90,4.1,-14.44,-67.53
325,casablanca,ma,19,72,75,9.8,33.6,-7.62
326,cabra,ph,27.8,96,0,9.87,13.89,120.05
327,sangin,af,16.95,59,48,5.37,32.07,64.85
328,teya,ru,-1.5,72,32,3.87,60.37,92.63
329,ostersund,se,1,69,40,12.9,63.18,14.64
330,chapais,ca,-23,76,75,3.6,49.78,-74.86
331,hope,us,14,93,90,5.1,33.67,-93.59
332,provost,ca,-3.75,98,92,2.87,52.35,-110.26
333,korla,cn,-0.95,60,0,1.02,41.76,86.15
334,kentau,kz,2.55,89,76,1.12,43.52,68.5
335,saint-francois,gp,28,61,75,5.7,16.25,-61.27
336,potam,mx,10.98,76,5,3.52,27.6,-110.38
337,mahebourg,mu,27,83,75,6.2,-20.41,57.7
338,manokwari,id,26.7,100,12,3.37,-0.87,134.08
339,wanaka,nz,14,71,76,3.47,-44.7,169.14
340,kashan,ir,17,23,40,7.2,33.99,51.44
341,pangnirtung,ca,-14.1,86,8,0.72,66.15,-65.72
342,marienburg,sr,30,58,40,4.6,5.88,-55.04
343,palmer,us,1.01,100,90,0.72,61.6,-149.11
344,mitsamiouli,km,29,79,40,4.6,-11.38,43.28
345,kazachinskoye,ru,-3.35,88,44,2.52,57.69,93.28
346,kuruman,za,26,43,32,5.02,-27.46,23.43
347,westport,nz,9.85,100,0,1.37,-41.75,171.6
348,tierralta,co,26.85,94,92,2.07,8.17,-76.06
349,estelle,us,15.94,93,90,1.97,32.87,-97.01
350,gallup,us,1.53,86,75,5.1,35.53,-108.74
351,mandera,ke,37.4,24,24,3.87,3.94,41.87
352,ulaanbaatar,mn,-2,74,0,1,47.92,106.92
353,gamba,ga,28.65,94,80,6.12,-2.72,10.02
354,san juan del sur,ni,28,65,75,3.1,11.25,-85.87
355,muleba,tz,25.2,78,32,3.02,-1.84,31.66
356,clinton,us,20.26,94,90,4.6,30.87,-91.02
357,itaituba,br,30,74,40,1.22,-4.26,-55.99
358,soyo,ao,32.65,46,12,4.52,-6.13,12.37
359,saldanha,za,25,31,0,6.2,-33.01,17.94
360,jamestown,us,-4.63,37,1,8.2,41.5,-71.37
361,rio bravo,mx,20.99,94,90,3.6,27.36,-99.48
362,nantucket,us,-4.79,34,1,5.7,41.28,-70.1
363,muli,mv,29.65,98,0,4.32,2.92,73.57
364,vao,nc,24.8,100,44,6.42,-22.67,167.48
365,lensk,ru,-18.25,77,20,1.57,60.71,114.91
366,aleksandrov gay,ru,-1.85,100,92,8.37,50.14,48.57
367,aloleng,ph,26.75,97,8,2.37,16.13,119.78
368,santiago del estero,ar,33.75,58,0,1.62,-27.8,-64.26
369,port hedland,au,29,74,32,2.6,-20.31,118.58
370,aswan,eg,35,6,0,4.6,24.09,32.9
371,teresina,br,31.1,74,24,2.77,-5.09,-42.81
372,auki,sb,25.9,100,64,0.17,-8.77,160.7
373,andros town,bs,24,64,20,2.1,24.73,-77.79
374,coolum beach,au,23.35,100,92,1.87,-26.53,153.09
375,sobinka,ru,-10.5,77,12,4.47,55.99,40.02
376,miraflores,co,13.85,89,80,0.97,5.2,-73.14
377,darnah,ly,16.55,100,0,9.22,32.77,22.64
378,half moon bay,us,4.22,93,1,1.07,37.46,-122.43
379,lebyazhye,ru,0,90,75,9,59.96,29.42
380,brae,gb,4,51,0,3.6,60.4,-1.35
381,saquena,pe,27.25,88,92,1.67,-4.67,-73.52
382,pteleos,gr,19.97,31,20,6.2,39.05,22.95
383,yuksekova,tr,14,35,0,3.1,37.57,44.29
384,senneterre,ca,-18,59,20,3.6,48.39,-77.24
385,ekhabi,ru,-19.9,78,0,4.22,53.51,142.97
386,ganzhou,cn,19.5,91,76,1.22,25.86,114.93
387,marsala,it,16.52,82,20,7.7,37.8,12.44
388,moose factory,ca,-19,64,1,4.1,51.26,-80.61
389,cairns,au,26,88,20,4.6,-16.92,145.77
390,okhotsk,ru,-10.5,94,68,2.47,59.36,143.24
391,karratha,au,29.15,43,0,3.92,-20.74,116.85
392,juruti,br,28.95,75,56,1.32,-2.16,-56.09
393,swan hill,au,10.05,69,0,3.02,-35.34,143.56
394,vikindu,tz,30,74,40,4.1,-6.98,39.3
395,acari,pe,24.05,49,0,1.32,-15.44,-74.62
396,guerrero negro,mx,14.05,94,88,4.22,27.97,-114.04
397,garrel,de,1.33,24,0,9.3,52.96,8.02
398,batsfjord,no,-7,85,20,8.7,70.63,29.72
399,sistranda,no,2,93,75,15.9,63.73,8.83
400,dubbo,au,23,40,0,3.6,-32.25,148.6
401,utica,us,-10,56,1,2.52,43.1,-75.23
402,bilibino,ru,-24.7,56,56,2.12,68.06,166.44
403,severnyy-kospashskiy,ru,-13.35,79,68,4.57,59.09,57.8
404,rio gallegos,ar,14,64,75,7.2,-51.62,-69.22
405,lazarev,ru,-16.1,84,8,4.32,52.23,141.51
406,akureyri,is,6,70,20,4.1,65.68,-18.09
407,waingapu,id,22.65,97,68,1.67,-9.65,120.26
408,putyatino,ru,-14.15,79,0,3.32,54.16,41.12
409,strezhevoy,ru,-3,63,88,2,60.73,77.6
410,troitskiy,ru,17,55,0,7,45.15,38.14
411,dharchula,in,1.1,57,0,0.87,29.85,80.53
412,noumea,nc,23,94,90,1,-22.28,166.46
413,port lincoln,au,17.5,93,44,6.52,-34.72,135.86
414,thompson,ca,-21,76,75,3.6,55.74,-97.86
415,zhengjiatun,cn,-1.55,72,0,4.77,43.51,123.51
416,antofagasta,cl,19,72,20,4.1,-23.65,-70.4
417,huarmey,pe,24.55,59,8,1.52,-10.07,-78.15
418,schruns,at,2.02,89,75,3.6,47.08,9.92
419,hervey bay,au,25.35,96,88,3.07,-25.3,152.85
420,xinyu,cn,14.3,100,92,2.67,27.8,114.93
421,payakumbuh,id,22.9,91,12,0.97,-0.23,100.63
422,hun,ly,24.25,15,0,2.12,29.13,15.95
423,zhicheng,cn,5.25,89,68,1.62,35.04,112.59
424,bam,ir,16.05,23,80,2.22,29.11,58.36
425,bokoro,td,39.9,11,0,2.67,12.38,17.06
426,rafsanjan,ir,8.45,39,8,2.77,30.4,55.99
427,abrau-dyurso,ru,17,55,0,7,44.7,37.6
428,awbari,ly,25.7,8,0,1.97,26.59,12.77
429,innisfail,au,22.55,95,92,1.07,-17.52,146.03
430,biak,id,26.7,96,88,0.87,-0.91,122.88
431,buraydah,sa,27,24,5,2.6,26.33,43.97
432,hay river,ca,-9,78,40,2.1,60.82,-115.79
433,tommot,ru,-18.15,63,48,3.12,58.97,126.27
434,ust-kulom,ru,-17.55,62,32,1.42,61.69,53.69
435,kingaroy,au,18.8,94,36,2.32,-26.54,151.84
436,menomonie,us,-3.7,79,40,2.07,44.88,-91.92
437,saint-pierre,pm,0,100,75,12.9,46.77,-56.17
438,oksfjord,no,-2.7,100,75,11.3,70.24,22.35
439,olinda,br,29.4,62,40,2.1,-22.82,-43.41
440,ambon,id,27.75,100,80,2.12,-3.7,128.18
441,san andres,co,26,83,75,2.6,8.22,-76.58
442,tiznit,ma,17.5,83,56,4.12,29.7,-9.73
443,elliot,za,17,76,0,3.32,-31.33,27.85
444,skibbereen,ie,0,99,75,10.3,51.55,-9.27
445,colares,pt,13.7,62,40,4.6,38.8,-9.45
446,bhinga,in,25.4,24,0,4.97,27.7,81.93
447,tilichiki,ru,-19.2,83,32,1.52,60.47,166.1
448,coquimbo,cl,18,68,0,3.1,-29.95,-71.34
449,merrill,us,-4,85,20,2.1,42.03,-121.6
450,tias,es,22.56,60,75,6.7,28.96,-13.65
451,nhamunda,br,27.65,87,64,1.17,-2.19,-56.71
452,hengshan,cn,21.5,89,76,4.02,22.21,110.15
453,nuevitas,cu,25,88,5,3.1,21.55,-77.27
454,riyadh,sa,27,13,5,2.1,24.63,46.72
455,ures,mx,13.65,81,20,4.62,30.73,-112.95
456,gondanglegi,id,20.3,93,20,1.12,-7.75,112.01
457,gorontalo,id,24.1,88,24,0.82,0.54,123.06
458,portlethen,gb,2,59,75,7.2,57.05,-2.13
459,vila do maio,cv,25,53,20,8.7,15.13,-23.22
460,tlazazalca,mx,16.1,37,8,1.22,19.97,-102.06
461,puerto madryn,ar,17,73,0,9.07,-42.77,-65.04
462,agadir,ma,21,64,0,9.8,30.42,-9.58
463,tuensang,in,13,87,12,0.72,26.24,94.81
464,atar,mr,30.5,16,0,4.82,20.52,-13.05
465,anadyr,ru,-17,84,90,3,64.73,177.51
466,kosum phisai,th,29,74,20,2.1,16.25,103.07
467,salmas,ir,14,35,0,3.1,38.2,44.77
468,forbes,au,17.05,37,0,3.47,-33.38,148.01
469,burla,ru,-5.45,84,24,4.17,53.34,78.33
470,henties bay,na,20.8,83,0,3.22,-22.12,14.28
471,addanki,in,24.85,76,12,3.32,15.81,79.97
472,freeport,us,2.4,69,1,2.07,42.3,-89.62
473,mezen,ru,-14.2,71,80,4.07,65.85,44.24
474,ferkessedougou,ci,34.3,84,48,2.12,9.6,-5.2
475,paamiut,gl,1.9,85,8,5.47,61.99,-49.67
476,goure,ne,39.15,10,8,3.57,13.98,10.27
477,salalah,om,27,65,20,3.1,17.01,54.1
478,bud,no,2.34,69,75,10.3,62.91,6.91
479,kamaishi,jp,3.05,72,76,2.67,39.28,141.86
480,mount isa,au,25,65,0,3.82,-20.73,139.49
481,oranjestad,aw,29,74,20,10.3,12.52,-70.03
482,emerald,au,24.45,66,12,3.92,-23.53,148.16
483,salisbury,ca,-10,56,75,6.7,46.03,-65.04
484,saint-joseph,re,27.46,74,0,2.6,-21.37,55.62
485,lorengau,pg,27.25,100,68,3.22,-2.02,147.27
486,gisborne,nz,16.9,77,92,4.12,-38.66,178.02
487,brigantine,us,2.99,41,1,5.7,39.41,-74.36
488,isangel,vu,26.7,100,76,4.77,-19.55,169.27
489,khandbari,np,0.4,64,0,0.77,27.38,87.21
490,manuk mangkaw,ph,29.5,100,80,0.27,4.8,119.85
491,salgar,co,18.85,68,75,2.6,5.96,-75.98
492,leh,in,-22.75,60,32,0.32,34.16,77.58
493,pahrump,us,3.17,55,1,2.6,36.21,-115.98
494,fairbanks,us,-6.34,92,90,1.5,64.84,-147.72
495,purwodadi,id,21.4,100,92,2.52,-7.08,110.92
496,batticaloa,lk,27.3,99,64,3.32,7.71,81.69
497,tarabuco,bo,19.1,78,8,1.77,-19.18,-64.92
498,taoudenni,ml,30.75,18,0,2.07,22.68,-3.98
499,moron,mn,-7.2,73,0,1.82,47.38,110.32
500,tiarei,pf,24,83,36,1,-17.53,-149.33
501,hearst,ca,-15.9,55,0,1.67,49.69,-83.67
502,salumbar,in,25.9,29,64,1.17,24.14,74.05
503,serabu,sl,31.8,69,44,2.32,7.79,-12.05
504,la ronge,ca,-12,78,90,4.6,55.1,-105.3
505,changji,cn,9.05,100,92,3.82,32.07,116.17
506,lagos,pt,17,59,40,6.7,37.1,-8.67
507,atambua,id,26.15,100,44,1.42,-9.11,124.89
508,bezhta,ru,3.65,75,0,0.17,42.13,46.13
509,erenhot,cn,1.15,49,76,4.17,43.65,111.97
510,sola,vu,28.2,96,76,4.02,-13.88,167.55
511,tam ky,vn,25,88,75,1,15.57,108.48
512,makokou,ga,27,78,80,1.22,0.56,12.85
513,gombong,id,21.15,96,32,0.87,-7.19,109.31
514,den helder,nl,1,43,0,7.7,52.96,4.76
515,jaciara,br,32.7,65,0,3.07,-15.95,-54.98
516,makakilo city,us,21.55,100,40,2.6,21.35,-158.09
517,carmo do rio claro,br,26.5,85,8,3.12,-20.97,-46.12
518,temple,us,18.77,100,90,3.6,31.1,-97.34
519,lyuban,by,-6.2,76,0,4.62,52.8,28
520,altay,cn,-5.2,79,48,1.07,47.83,88.13
521,porto-vecchio,fr,13.35,66,75,10.8,41.59,9.28
522,abu dhabi,ae,24,57,0,5.7,24.47,54.37
523,nago,jp,19.7,82,1,2.92,26.59,127.98
524,ucluelet,ca,3,93,75,0.77,48.94,-125.55
525,tahta,eg,33,15,0,2.1,26.77,31.5
526,jalingo,ng,37.25,12,0,2.87,9.93,13.08
527,husavik,is,6,70,20,4.1,66.04,-17.34
528,lazaro cardenas,mx,8,41,20,4.42,28.39,-105.62
529,lakatoro,vu,26.65,94,24,3.77,-16.11,167.42
530,tabuk,sa,30,9,0,3.1,28.38,36.58
531,kuvshinovo,ru,-5.2,81,36,6.87,57.03,34.18
532,ambilobe,mg,23.25,100,92,3.47,-13.19,49.05
533,canutama,br,28.3,81,56,1.52,-6.53,-64.38
534,maceio,br,30,62,40,4.6,-9.67,-35.74
535,andenes,no,-2,79,75,14.9,69.31,16.12
536,tairua,nz,18.55,79,80,4.32,-37.02,175.85
537,juneau,us,-3,100,20,1.02,58.3,-134.42
538,varberg,se,3.06,31,0,1.5,57.11,12.25
539,venado tuerto,ar,16.5,86,24,14.67,-33.75,-61.97
540,new plymouth,nz,17.8,94,8,5.12,-39.06,174.08
541,kontagora,ng,36.75,39,20,1.67,10.4,5.47
542,ossora,ru,-14.35,87,32,7.72,59.24,163.07
543,irara,br,32,54,8,3.12,-12.05,-38.77
544,ridgecrest,us,-1,80,1,3.1,35.62,-117.67
545,langxiang,cn,-7.45,45,0,2.97,46.95,128.87
546,scarborough,tt,29,62,20,6.2,11.18,-60.73
547,shahr-e babak,ir,7.5,33,76,4.82,30.12,55.12
548,hornepayne,ca,-14.05,46,0,1.67,49.22,-84.78
549,cumana,ve,28.6,46,0,0.32,10.46,-64.17
550,deer lake,ca,0,86,90,4.6,49.18,-57.43
551,benguela,ao,26.55,100,80,3.17,-12.58,13.4
552,paka,my,26,88,80,1.42,4.64,103.44
553,thunder bay,ca,-4,68,75,4.1,48.41,-89.26
554,diapaga,bf,38.25,26,0,1.87,12.07,1.79
555,kitimat,ca,-2,92,20,0.97,54.02,-128.69
556,wuwei,cn,-0.65,75,80,1.22,37.93,102.64
557,warri,ng,32.9,62,8,4.57,5.52,5.75
558,turangi,nz,9.85,100,32,2.57,-39,175.93
559,vanimo,pg,28.45,99,44,5.52,-2.67,141.3
560,bonfim,br,26.51,65,75,4.1,-20.33,-44.24
561,kavaratti,in,28.2,100,0,0.32,10.57,72.64
562,rio grande,br,28,74,75,3.6,-32.03,-52.1
563,calama,cl,19,29,0,2.1,-22.46,-68.93
564,micheweni,tz,28.55,98,0,4.42,-4.97,39.83
565,yar-sale,ru,-17.45,83,68,9.97,66.83,70.83
566,rudbar,af,16.45,69,64,1.62,30.15,62.6
567,broken hill,au,14.3,63,0,2.97,-31.97,141.45
568,honningsvag,no,-2.2,100,80,4.57,70.98,25.97
569,surt,ly,19.25,71,0,2.42,31.21,16.59
570,priyutovo,ru,-5.45,96,92,6.87,53.89,53.93
571,santa cruz,cr,30,51,0,8.2,10.26,-85.58
572,sembe,cg,25.75,78,48,1.27,1.65,14.58
573,neftcala,az,13.1,85,0,3.37,39.37,49.25
574,imeni poliny osipenko,ru,-7.6,70,76,6.27,52.42,136.49
575,dzilam gonzalez,mx,28.15,66,0,3.02,21.28,-88.93
576,beyneu,kz,8.15,68,8,2.42,45.32,55.19
577,otofuke,jp,-1.2,84,44,3.87,43.02,143.2
578,zilair,ru,0.8,92,92,5.97,52.23,57.44
579,preobrazheniye,ru,2.8,71,24,3.12,42.9,133.91
580,marsh harbour,bs,23.05,100,0,4.77,26.54,-77.06
581,rawson,ar,18.25,41,0,6.72,-43.3,-65.11
582,miyako,jp,13.15,81,75,1.5,33.63,130.94
583,namtsy,ru,-24.6,59,8,4.47,62.72,129.66
584,west fargo,us,1,80,90,1.42,46.88,-96.9
585,eureka,us,1.57,100,90,4.1,40.8,-124.16
586,saint-augustin,ca,-12.98,42,90,4.1,45.63,-73.98
587,taksimo,ru,-18.5,62,8,0.77,56.36,114.84
588,bukachacha,ru,-14.5,68,0,1.07,52.99,116.91
589,banjar,id,20.65,97,20,1.07,-7.37,108.54
590,lengshuitan,cn,9.05,100,92,4.92,26.41,111.6
591,harper,lr,27.65,100,8,4.82,4.38,-7.71
592,barda,ru,-12,78,68,3.57,56.93,55.59
593,yumen,cn,6.25,69,88,6.67,40.29,97.04
594,melfort,ca,-11,72,90,6.2,52.87,-104.61
595,halifax,ca,-7,62,20,5.1,44.65,-63.58
596,bianzhuang,cn,-5.1,73,48,1.97,39.44,112.12
597,portland,au,16.4,50,0,1.52,-33.35,149.98
598,musoma,tz,25.25,84,0,1.87,-1.5,33.81
599,siocon,ph,27.65,96,0,3.52,11.03,124.04
600,gordeyevka,ru,-8.3,75,0,2.77,52.96,31.97
601,kutum,sd,31.3,12,0,2.42,14.2,24.66
602,bitung,id,24,100,40,1,1.44,125.19
603,hudson bay,ca,-7.3,80,36,2.67,52.86,-102.4
604,todos santos,mx,14.79,72,40,5.1,23.45,-110.23
605,kropotkin,ru,17.25,62,88,6.47,45.43,40.58
606,valea nucarilor,ro,-2,92,90,8.7,45.04,28.94
607,port blair,in,28.6,100,0,3.82,11.67,92.75
608,moyale,ke,23.75,95,48,1.67,3.52,39.06
609,sept-iles,ca,-10,43,20,4.6,50.2,-66.38
610,morro da fumaca,br,28.2,90,8,4.17,-28.65,-49.21
611,buribay,ru,1.4,98,92,8.57,51.96,58.16
612,grand gaube,mu,27,83,75,6.2,-20.01,57.66
613,kartaly,ru,2.5,92,92,9.97,53.05,60.64
614,shingu,jp,14.4,96,76,4.02,33.72,135.99
615,lagunas,pe,27.75,84,64,1.37,-5.23,-75.68
616,oranjemund,na,17.5,90,20,7.37,-28.55,16.43
617,bonavista,ca,-0.4,93,88,13.37,48.65,-53.11
618,tateyama,jp,4,86,92,1.07,36.66,137.31
619,nikolayevka,ru,1.9,100,80,9.17,46.73,38.57
620,liwale,tz,27.55,78,48,1.12,-9.8,37.92
621,borogontsy,ru,-23.75,54,32,3.42,62.67,131.17
622,baykit,ru,-2.8,78,48,4.72,61.68,96.39
623,oktyabrskiy,ru,-6,34,0,3,55.61,37.97
624,boston,gb,0,95,90,9.8,52.98,-0.02
625,arroyo,us,-2.32,49,1,4.1,41.39,-78.88
626,carpentras,fr,12.68,46,75,9.3,44.06,5.05
627,padang,id,27.4,100,56,2.62,-0.92,100.36
628,okakarara,na,21.15,81,88,4.57,-20.59,17.46
629,nuuk,gl,8,39,20,8.2,64.17,-51.74
630,jiuquan,cn,-4.2,59,8,1.17,39.73,98.49
631,broome,au,32,75,92,2.6,-17.97,122.23
632,paraiso,mx,5,44,40,1.5,24.01,-104.61
633,chama,zm,25.5,78,32,3.02,-11.22,33.16
634,kaeo,nz,18.35,89,92,5.67,-35.1,173.78
635,ejura,gh,33.4,59,36,3.32,7.38,-1.37
636,wattegama,lk,22.55,97,92,0.42,7.35,80.68
637,nagai,jp,5.6,77,76,1.97,38.14,139.98
638,berlevag,no,-7,85,20,8.7,70.86,29.09
639,necochea,ar,16.05,96,92,9.77,-38.55,-58.74
640,syamzha,ru,-12.6,83,8,5.12,60.02,41.06
641,camopi,gf,24,99,92,1.32,3.17,-52.33
642,sorong,id,28.45,100,12,5.27,-0.86,131.25
643,santa cruz de la palma,es,21,73,40,5.7,28.68,-17.76
644,plouzane,fr,1.82,100,56,5.7,48.38,-4.62
645,jaruco,cu,24,88,20,1.5,23.04,-82.01
646,hue,vn,25,100,40,1.5,16.47,107.58
